Country,Year,ForestArea,EPS,EPIR,EPI,EH,EV
Australia,1990,16.7320984600966,0.5,,..,..,..
Australia,1991,16.7360035406063,0.5,,..,..,..
Australia,1992,16.7399086211161,0.5,,..,..,..
Australia,1993,16.7438137016258,0.75,,..,..,..
Australia,1994,16.7477187821356,0.5,,..,..,..
Australia,1995,16.7516238626453,0.5,,..,..,..
Australia,1996,16.755528943155,0.45833331346512,..,..,..,..
Australia,1997,16.7594340236648,0.45833331346512,..,..,..,..
Australia,1998,16.7633391041745,0.77083337306976,..,..,..,..
Australia,1999,16.7672441846843,1.0208333730698,..,..,..,..
Australia,2000,16.771149265194,0.97916662693024,..,..,..,..
Australia,2001,16.7399086211161,1.0874999761581,..,..,..,..
Australia,2002,16.7086679770381,1.2124999761581,..,..,..,..
Australia,2003,16.6774273329602,1.2124999761581,..,..,..,..
Australia,2004,16.6461866888822,1.1708333492279,..,..,..,..
Australia,2005,16.6149460448043,1.5458333492279,..,..,..,..
Australia,2006,16.4996160004165,2.0083332061768,..,..,..,..
Australia,2007,16.3842859560288,2.0083332061768,..,..,..,..
Australia,2008,16.268955911641,2.2583332061768,..,..,..,..
Australia,2009,16.1536258672533,2.6875,..,..,..,..
Australia,2010,16.0382958228655,2.5041666030884,..,..,..,..
Australia,2011,16.0783879827656,3.3375000953674,..,..,..,..
Australia,2012,16.1184801426656,3.7208333015442,..,..,..,..
Australia,2013,16.1585723025656,4.0708332061768,..,..,..,..
Australia,2014,16.1986644624657,2.6708333492279,..,..,..,..
Australia,2015,16.2387566223657,3.1708333492279,..,..,..,..
Australia,2018,,,21,74.12,97.95,58.23
Austria,1990,45.7253572293534,1.1666666269302,..,..,..,..
Austria,1991,45.8004353496232,1.4166666269302,..,..,..,..
Austria,1992,45.8755134698928,1.4166666269302,..,..,..,..
Austria,1993,45.9505945465761,1.4791666269302,..,..,..,..
Austria,1994,46.0256726668458,1.4791666269302,..,..,..,..
Austria,1995,46.1007507871155,1.9375,..,..,..,..
Austria,1996,46.1758289073853,1.9375,..,..,..,..
Austria,1997,46.250907027655,1.8541667461395,..,..,..,..
Austria,1998,46.3259881043382,1.9375,..,..,..,..
Austria,1999,46.401066224608,1.8541667461395,..,..,..,..
Austria,2000,46.4761443448777,2.0208332538605,..,..,..,..
Austria,2001,46.5076301484167,2.2041666507721,..,..,..,..
Austria,2002,46.5391129955423,2.2041666507721,..,..,..,..
Austria,2003,46.5705987990813,2.4791665077209,..,..,..,..
Austria,2004,46.6020816462067,2.3958332538605,..,..,..,..
Austria,2005,46.6335674497457,2.8583333492279,..,..,..,..
Austria,2006,46.6553650863179,2.8166666030884,..,..,..,..
Austria,2007,46.6782943256654,2.4416666030884,..,..,..,..
Austria,2008,46.7000895341963,2.9083333015442,..,..,..,..
Austria,2009,46.7218876992125,3.3291666507721,..,..,..,..
Austria,2010,46.7476496906663,3.3291666507721,..,..,..,..
Austria,2011,46.7751145400785,3.0791666507721,..,..,..,..
Austria,2012,46.80088081547,2.9458332061768,..,..,..,..
Austria,2013,46.8357354847977,..,..,..,..,..
Austria,2014,46.862087450764,..,..,..,..,..
Austria,2015,46.8839001438401,..,..,..,..,..
Austria,2018,,,8,78.97,86.38,74.03
Brazil,1990,65.4098878458604,..,..,..,..,..
Brazil,1991,65.1056185945677,..,..,..,..,..
Brazil,1992,64.8013568210152,..,..,..,..,..
Brazil,1993,64.4970875697225,..,..,..,..,..
Brazil,1994,64.19282579617,..,..,..,..,..
Brazil,1995,63.8885565448772,0.41666665673256,..,..,..,..
Brazil,1996,63.5842872935845,0.41666665673256,..,..,..,..
Brazil,1997,63.280025520032,0.41666665673256,..,..,..,..
Brazil,1998,62.9757562687392,0.41666665673256,..,..,..,..
Brazil,1999,62.6714907563166,0.41666665673256,..,..,..,..
Brazil,2000,62.367225243894,0.41666665673256,..,..,..,..
Brazil,2001,62.0193009449471,0.54166668653488,..,..,..,..
Brazil,2002,61.6713766460002,0.625,..,..,..,..
Brazil,2003,61.3234523470533,0.58333331346512,..,..,..,..
Brazil,2004,60.9755280481064,0.41666665673256,..,..,..,..
Brazil,2005,60.6276037491595,0.41666665673256,..,..,..,..
Brazil,2006,60.4295707537801,0.41666665673256,..,..,..,..
Brazil,2007,60.2315340195307,0.41666665673256,..,..,..,..
Brazil,2008,60.0335010241513,0.41666665673256,..,..,..,..
Brazil,2009,59.8354642899018,0.41666665673256,..,..,..,..
Brazil,2010,59.6374312945225,0.41666665673256,..,..,..,..
Brazil,2011,59.5197017518252,0.375,..,..,..,..
Brazil,2012,59.4019722091279,0.375,..,..,..,..
Brazil,2013,59.2842426664306,0.375,..,..,..,..
Brazil,2014,59.1665131237333,0.375,..,..,..,..
Brazil,2015,59.048783581036,0.54166668653488,..,..,..,..
Brazil,2018,,,69,60.7,67.44,56.21
Canada,1990,38.299072635319,0.375,..,..,..,..
Canada,1991,38.2938938044825,0.375,..,..,..,..
Canada,1992,38.288714973646,0.70833331346512,..,..,..,..
Canada,1993,38.2835327062927,0.5,..,..,..,..
Canada,1994,38.2783538754562,0.5,..,..,..,..
Canada,1995,38.2731750446197,0.5,..,..,..,..
Canada,1996,38.2679962137832,0.45833331346512,..,..,..,..
Canada,1997,38.2628173829467,0.64583331346512,..,..,..,..
Canada,1998,38.2576351155934,0.64583331346512,..,..,..,..
Canada,1999,38.2524562847569,0.64583331346512,..,..,..,..
Canada,2000,38.2472774539204,0.89583331346512,..,..,..,..
Canada,2001,38.2423082506095,0.89583331346512,..,..,..,..
Canada,2002,38.2373356107818,0.89583331346512,..,..,..,..
Canada,2003,38.2323664074708,1.5833333730698,..,..,..,..
Canada,2004,38.2273937676431,1.5833333730698,..,..,..,..
Canada,2005,38.2224245643321,1.5416666269302,..,..,..,..
Canada,2006,38.2163969138429,2.1666667461395,..,..,..,..
Canada,2007,38.2103726998706,3.2708334922791,..,..,..,..
Canada,2008,38.2043450493814,3.3125,..,..,..,..
Canada,2009,38.198320835409,3.8541665077209,..,..,..,..
Canada,2010,38.1922931849198,3.3541665077209,..,..,..,..
Canada,2011,38.1871693383523,3.6708333492279,..,..,..,..
Canada,2012,38.1820454917848,3.4208333492279,..,..,..,..
Canada,2013,38.1769182087005,3.3624999523163,..,..,..,..
Canada,2014,38.171794362133,3.2791666984558,..,..,..,..
Canada,2015,38.1666705155655,3.2791666984558,..,..,..,..
Canada,2018,,,25,72.18,97.51,55.29
China,1990,16.7380069501771,0.25,..,..,..,..
China,1991,16.9495479721993,0.4375,..,..,..,..
China,1992,17.1610873299071,0.52083331346512,..,..,..,..
China,1993,17.3726266876148,0.52083331346512,..,..,..,..
China,1994,17.584167709637,0.52083331346512,..,..,..,..
China,1995,17.7957260226624,0.52083331346512,..,..,..,..
China,1996,18.0072864506941,0.52083331346512,..,..,..,..
China,1997,18.2188262590499,0.52083331346512,..,..,..,..
China,1998,18.4303660674057,0.52083331346512,..,..,..,..
China,1999,18.6419075400794,0.52083331346512,..,..,..,..
China,2000,18.8534674304607,0.52083331346512,..,..,..,..
China,2001,19.1952569787798,0.52083331346512,..,..,..,..
China,2002,19.5370361678916,0.64583331346512,..,..,..,..
China,2003,19.8788157889481,0.85416662693024,..,..,..,..
China,2004,20.2205924450474,0.85416662693024,..,..,..,..
China,2005,20.5623721343634,0.85416662693024,..,..,..,..
China,2006,20.7235630216565,0.77083331346512,..,..,..,..
China,2007,20.8847522660901,0.77083331346512,..,..,..,..
China,2008,21.0459417952183,0.8125,..,..,..,..
China,2009,21.2071299125273,0.97916662693024,..,..,..,..
China,2010,21.3683194309246,1.1041666269302,..,..,..,..
China,2011,21.5325896080577,1.3541667461395,..,..,..,..
China,2012,21.6968597851907,2.0416667461395,..,..,..,..
China,2013,21.8611299623238,1.991666674614,..,..,..,..
China,2014,22.0253984751355,2.0999999046326,..,..,..,..
China,2015,22.1896686522686,2.1624999046326,..,..,..,..
China,2018,,,120,50.74,31.72,63.42
Czech Republic,1990,34.0235537724861,0.54166662693024,..,..,..,..
Czech Republic,1991,34.0235537724861,0.54166662693024,..,..,..,..
Czech Republic,1992,34.0235537724861,0.54166662693024,..,..,..,..
Czech Republic,1993,34.0546124284166,0.54166662693024,..,..,..,..
Czech Republic,1994,34.0649663669196,0.54166662693024,..,..,..,..
Czech Republic,1995,34.0753203054225,0.72916662693024,..,..,..,..
Czech Republic,1996,34.0856742439256,0.72916662693024,..,..,..,..
Czech Republic,1997,34.0960281824285,0.6875,..,..,..,..
Czech Republic,1998,34.106378961353,0.6875,..,..,..,..
Czech Republic,1999,34.1167328998561,0.6875,..,..,..,..
Czech Republic,2000,34.127086838359,0.83333337306976,..,..,..,..
Czech Republic,2001,34.1529701048272,0.83333337306976,..,..,..,..
Czech Republic,2002,34.1788533712955,1.5833333730698,..,..,..,..
Czech Republic,2003,34.2047366377637,1.5833333730698,..,..,..,..
Czech Republic,2004,34.2350504789024,1.625,..,..,..,..
Czech Republic,2005,34.2609370955216,2.0458333492279,..,..,..,..
Czech Republic,2006,34.2912621359223,2.8791666030884,..,..,..,..
Czech Republic,2007,34.3171521035599,2.5458333492279,..,..,..,..
Czech Republic,2008,34.3430420711974,2.7208333015442,..,..,..,..
Czech Republic,2009,34.368932038835,2.8916666507721,..,..,..,..
Czech Republic,2010,34.3992749870533,2.8916666507721,..,..,..,..
Czech Republic,2011,34.4251683065769,2.3666667938232,..,..,..,..
Czech Republic,2012,34.4555224653632,2.3833332061768,..,..,..,..
Czech Republic,2013,34.4858844858845,..,..,..,..,..
Czech Republic,2014,34.5117845117845,..,..,..,..,..
Czech Republic,2015,34.5421577515866,..,..,..,..,..
Czech Republic,2018,,,33,67.68,68.69,67.01
Denmark,1990,12.8143432933954,0.89583331346512,..,..,..,..
Denmark,1991,12.914130518419,1.5833333730698,..,..,..,..
Denmark,1992,13.0016491431659,2.125,..,..,..,..
Denmark,1993,13.1013437343492,2.2291667461395,..,..,..,..
Denmark,1994,13.2010368870419,2.2291667461395,..,..,..,..
Denmark,1995,13.3007300397346,1.9791667461395,..,..,..,..
Denmark,1996,13.4004246309178,1.9791667461395,..,..,..,..
Denmark,1997,13.5001177836105,1.9791667461395,..,..,..,..
Denmark,1998,13.5998109363032,2.5625,..,..,..,..
Denmark,1999,13.6995055274864,2.3958334922791,..,..,..,..
Denmark,2000,13.7991986801791,2.6041665077209,..,..,..,..
Denmark,2001,13.6681593787746,2.7374999523163,..,..,..,..
Denmark,2002,13.5371200773701,2.1124999523163,..,..,..,..
Denmark,2003,13.4060807759656,2.0916666984558,..,..,..,..
Denmark,2004,13.275041474561,2.5916666984558,..,..,..,..
Denmark,2005,13.1440021731565,3.1291666030884,..,..,..,..
Denmark,2006,13.2825834807882,3.1624999046326,..,..,..,..
Denmark,2007,13.4211647884199,2.8291666507721,..,..,..,..
Denmark,2008,13.5597460960516,2.9625000953674,..,..,..,..
Denmark,2009,13.6983259651927,4.0749998092651,..,..,..,..
Denmark,2010,13.8369072728244,4.0250000953674,..,..,..,..
Denmark,2011,13.9552202478715,3.9833333492279,..,..,..,..
Denmark,2012,14.2210053500462,3.8499999046326,..,..,..,..
Denmark,2013,14.3405566359736,..,..,..,..,..
Denmark,2014,14.4601093754651,..,..,..,..,..
Denmark,2015,14.5796621149567,..,..,..,..,..
Denmark,2018,,,3,81.6,98.2,70.53
Finland,1990,71.8178535079944,0.83333331346512,..,..,..,..
Finland,1991,72.0049903148495,1,..,..,..,..
Finland,1992,72.1921271217046,1.25,..,..,..,..
Finland,1993,72.3792639285597,1.3125,..,..,..,..
Finland,1994,72.5664007354148,1.2708333730698,..,..,..,..
Finland,1995,72.7535375422699,1.2708333730698,..,..,..,..
Finland,1996,72.9406743491251,1.5208333730698,..,..,..,..
Finland,1997,73.1278111559802,1.7708333730698,..,..,..,..
Finland,1998,73.3149479628353,1.5208333730698,..,..,..,..
Finland,1999,73.5020847696904,1.5208333730698,..,..,..,..
Finland,2000,73.6892215765455,1.6041666269302,..,..,..,..
Finland,2001,73.4909209408549,1.3541666269302,..,..,..,..
Finland,2002,73.2926203051643,1.9791666269302,..,..,..,..
Finland,2003,73.0943260817821,2.4791667461395,..,..,..,..
Finland,2004,72.8960254460915,2.4791667461395,..,..,..,..
Finland,2005,72.6977248104009,2.4416666030884,..,..,..,..
Finland,2006,72.8617934300089,3.1500000953674,..,..,..,..
Finland,2007,72.915913052057,2.8166666030884,..,..,..,..
Finland,2008,73.0108588351431,3.0833332538605,..,..,..,..
Finland,2009,73.0602171767029,3.2541666030884,..,..,..,..
Finland,2010,73.1095755182626,3.2125000953674,..,..,..,..
Finland,2011,73.1119813090263,3.4791667461395,..,..,..,..
Finland,2012,73.1119813090263,3.4291667938232,..,..,..,..
Finland,2013,73.1119813090263,..,..,..,..,..
Finland,2014,73.1119813090263,..,..,..,..,..
Finland,2015,73.1071698858215,..,..,..,..,..
Finland,2018,,,10,78.64,99.35,64.83
France,1990,26.3639444159487,0.70833331346512,..,..,..,..
France,1991,26.5197243625733,0.70833331346512,..,..,..,..
France,1992,26.6755043091979,0.70833331346512,..,..,..,..
France,1993,26.8312860392832,0.77083331346512,..,..,..,..
France,1994,26.9870659859078,0.8125,..,..,..,..
France,1995,27.1428459325324,0.8125,..,..,..,..
France,1996,27.298625879157,1.2291667461395,..,..,..,..
France,1997,27.4544058257816,1.1458332538605,..,..,..,..
France,1998,27.6101875558669,1.2291667461395,..,..,..,..
France,1999,27.7659675024915,1.3125,..,..,..,..
France,2000,27.9216976518641,1.3958332538605,..,..,..,..
France,2001,28.1306225729372,1.5625,..,..,..,..
France,2002,28.3395457105527,1.5625,..,..,..,..
France,2003,28.5328381125808,1.5625,..,..,..,..
France,2004,28.7573937692413,2.125,..,..,..,..
France,2005,28.9668477004284,2.7125000953674,..,..,..,..
France,2006,29.1724876812552,3.2791666984558,..,..,..,..
France,2007,29.3781294455721,2.8624999523163,..,..,..,..
France,2008,29.5837694263989,2.8958334922791,..,..,..,..
France,2009,29.7894111907158,3.6916666030884,..,..,..,..
France,2010,29.9950511715426,3.1500000953674,..,..,..,..
France,2011,30.2014223833292,3.7000000476837,..,..,..,..
France,2012,30.4077935951159,3.5666666030884,..,..,..,..
France,2013,30.6141648069026,3.5,..,..,..,..
France,2014,30.8205360186893,3.5416665077209,..,..,..,..
France,2015,31.0269072304759,3.5833334922791,..,..,..,..
France,2018,,,2,83.95,95.71,76.11
Germany,1990,32.3661673302208,1.2083333730698,..,..,..,..
Germany,1991,32.3816354670896,2.125,..,..,..,..
Germany,1992,32.397100806827,1.875,..,..,..,..
Germany,1993,32.4134973513763,1.9375,..,..,..,..
Germany,1994,32.429892037968,1.8958332538605,..,..,..,..
Germany,1995,32.4462904611859,1.8125,..,..,..,..
Germany,1996,32.4626898238993,1.8541667461395,..,..,..,..
Germany,1997,32.4818788273528,1.9375,..,..,..,..
Germany,1998,32.5001438178686,1.9791667461395,..,..,..,..
Germany,1999,32.5193409633073,1.9791667461395,..,..,..,..
Germany,2000,32.5376128385155,2.0625,..,..,..,..
Germany,2001,32.5594726282602,2.0625,..,..,..,..
Germany,2002,32.5804047468899,2.5416667461395,..,..,..,..
Germany,2003,32.6022763108856,2.5416667461395,..,..,..,..
Germany,2004,32.6232187401439,2.6666665077209,..,..,..,..
Germany,2005,32.6413579538938,3.0458333492279,..,..,..,..
Germany,2006,32.6594402385868,3.0041666030884,..,..,..,..
Germany,2007,32.6784638770184,2.6708333492279,..,..,..,..
Germany,2008,32.696555087055,2.6375000476837,..,..,..,..
Germany,2009,32.7127735865294,3.0583333969116,..,..,..,..
Germany,2010,32.7308718478354,3.0166666507721,..,..,..,..
Germany,2011,32.7375487720909,3.1416666507721,..,..,..,..
Germany,2012,32.7451655477133,2.9249999523163,..,..,..,..
Germany,2013,32.7189864709929,3.1083333492279,..,..,..,..
Germany,2014,32.7228432215535,3.0666666030884,..,..,..,..
Germany,2015,32.7324234474218,3.1333332061768,..,..,..,..
Germany,2018,,,13,78.37,88.68,71.5
Greece,1990,25.5934833204034,0.64583331346512,..,..,..,..
Greece,1991,25.8277730889983,0.72916668653488,..,..,..,..
Greece,1992,26.0620628575931,0.77083331346512,..,..,..,..
Greece,1993,26.2963545202192,1.0208333730698,..,..,..,..
Greece,1994,26.530644288814,1.4791667461395,..,..,..,..
Greece,1995,26.7649340574088,1.7291667461395,..,..,..,..
Greece,1996,26.9992238260037,1.6875,..,..,..,..
Greece,1997,27.2335135945985,1.6875,..,..,..,..
Greece,1998,27.4678052572246,1.6875,..,..,..,..
Greece,1999,27.7020950258195,1.6875,..,..,..,..
Greece,2000,27.9363847944143,1.5208332538605,..,..,..,..
Greece,2001,28.1706745630092,1.5208332538605,..,..,..,..
Greece,2002,28.404964331604,1.7708332538605,..,..,..,..
Greece,2003,28.63925599423,1.7708332538605,..,..,..,..
Greece,2004,28.8735457628249,1.7291667461395,..,..,..,..
Greece,2005,29.1078355314197,1.8375000953674,..,..,..,..
Greece,2006,29.3421253000146,1.8375000953674,..,..,..,..
Greece,2007,29.5764150686094,1.9208333492279,..,..,..,..
Greece,2008,29.8107067312355,1.8291666507721,..,..,..,..
Greece,2009,30.0449964998303,2.0833334922791,..,..,..,..
Greece,2010,30.2792862684251,2.3333334922791,..,..,..,..
Greece,2011,30.51357603702,2.3333334922791,..,..,..,..
Greece,2012,30.7478658056148,2.1333332061768,..,..,..,..
Greece,2013,30.9821574682409,..,..,..,..,..
Greece,2014,31.2164472368358,..,..,..,..,..
Greece,2015,31.4507370054306,..,..,..,..,..
Greece,2018,,,22,73.6,91.03,61.98
Hungary,1990,20.0400578613553,0.35416665673256,..,..,..,..
Hungary,1991,20.1691329207293,0.47916668653488,..,..,..,..
Hungary,1992,20.2982079801033,0.52083331346512,..,..,..,..
Hungary,1993,20.4295576321848,0.52083331346512,..,..,..,..
Hungary,1994,20.558647055576,0.52083331346512,..,..,..,..
Hungary,1995,20.6877364789673,0.52083331346512,..,..,..,..
Hungary,1996,20.8168259023586,0.52083331346512,..,..,..,..
Hungary,1997,20.9599103693973,0.52083331346512,..,..,..,..
Hungary,1998,21.0890874034313,0.5625,..,..,..,..
Hungary,1999,21.2182630781076,0.52083331346512,..,..,..,..
Hungary,2000,21.3903146619058,0.85416668653488,..,..,..,..
Hungary,2001,21.5376026687333,1.6875,..,..,..,..
Hungary,2002,21.6848920376485,1.9791666269302,..,..,..,..
Hungary,2003,21.832180044476,2.125,..,..,..,..
Hungary,2004,21.9794694133913,2.3333332538605,..,..,..,..
Hungary,2005,22.1292266488115,2.6291666030884,..,..,..,..
Hungary,2006,22.2698356833606,2.5875000953674,..,..,..,..
Hungary,2007,22.4104447179096,2.2958333492279,..,..,..,..
Hungary,2008,22.5510551146985,2.5541667938232,..,..,..,..
Hungary,2009,22.4610629008512,2.6583333015442,..,..,..,..
Hungary,2010,22.6002430133657,2.7666666507721,..,..,..,..
Hungary,2011,22.6510559776455,2.6833333969116,..,..,..,..
Hungary,2012,22.7018662451329,2.6333332061768,..,..,..,..
Hungary,2013,22.7526792094127,..,..,..,..,..
Hungary,2014,22.8034894768999,..,..,..,..,..
Hungary,2015,22.8543024411797,..,..,..,..,..
Hungary,2018,,,43,65.01,57.67,69.9
India,1990,21.5051846669739,0.39583334326744,..,..,..,..
India,1991,21.5539879935356,0.39583334326744,..,..,..,..
India,1992,21.6027900062727,0.39583334326744,..,..,..,..
India,1993,21.6515933328344,0.39583334326744,..,..,..,..
India,1994,21.7003953455716,0.39583334326744,..,..,..,..
India,1995,21.7491986721333,0.45833334326744,..,..,..,..
India,1996,21.798001998695,0.45833334326744,..,..,..,..
India,1997,21.8468040114322,0.45833334326744,..,..,..,..
India,1998,21.8956073379939,0.45833334326744,..,..,..,..
India,1999,21.944409350731,0.45833334326744,..,..,..,..
India,2000,21.9932126772927,0.5625,..,..,..,..
India,2001,22.1492056932117,0.5625,..,..,..,..
India,2002,22.3052013367797,0.60416668653488,..,..,..,..
India,2003,22.4611943526986,0.60416668653488,..,..,..,..
India,2004,22.6171899962666,0.60416668653488,..,..,..,..
India,2005,22.7731830121856,0.66666668653488,..,..,..,..
India,2006,22.9131683898439,0.66666668653488,..,..,..,..
India,2007,23.0531511398532,0.625,..,..,..,..
India,2008,23.1931365175115,0.625,..,..,..,..
India,2009,23.3331192675207,1.125,..,..,..,..
India,2010,23.4731046451791,1.1958333253861,..,..,..,..
India,2011,23.5331070121654,1.2625000476837,..,..,..,..
India,2012,23.5931093791517,1.2958333492279,..,..,..,..
India,2013,23.6531143737871,1.2958333492279,..,..,..,..
India,2014,23.7131167407734,1.2791666984558,..,..,..,..
India,2015,23.7731191077597,1.8208333253861,..,..,..,..
India,2018,,,177,30.57,9.32,44.74
Indonesia,1990,65.4377142478624,0.375,..,..,..,..
Indonesia,1991,64.3813920728981,0.375,..,..,..,..
Indonesia,1992,63.3250698979338,0.375,..,..,..,..
Indonesia,1993,62.2687520355272,0.375,..,..,..,..
Indonesia,1994,61.2124298605629,0.375,..,..,..,..
Indonesia,1995,60.1561076855987,0.4375,..,..,..,..
Indonesia,1996,59.0997855106344,0.4375,..,..,..,..
Indonesia,1997,58.0434633356702,0.4375,..,..,..,..
Indonesia,1998,56.9871454732635,0.4375,..,..,..,..
Indonesia,1999,55.9308232982993,0.4375,..,..,..,..
Indonesia,2000,54.874501123335,0.4375,..,..,..,..
Indonesia,2001,54.7031588967029,0.4375,..,..,..,..
Indonesia,2002,54.5318166700707,0.4375,..,..,..,..
Indonesia,2003,54.3604701308809,0.4375,..,..,..,..
Indonesia,2004,54.1891279042488,0.4375,..,..,..,..
Indonesia,2005,54.0177856776167,0.4375,..,..,..,..
Indonesia,2006,53.639660625866,0.5,..,..,..,..
Indonesia,2007,53.2615355741153,0.5,..,..,..,..
Indonesia,2008,52.8834105223646,0.5,..,..,..,..
Indonesia,2009,52.5052854706139,0.5,..,..,..,..
Indonesia,2010,52.1271604188632,1.1666667461395,..,..,..,..
Indonesia,2011,51.7493674340489,1.1666667461395,..,..,..,..
Indonesia,2012,51.3715744492347,1.1666667461395,..,..,..,..
Indonesia,2013,50.9937771518628,1.0833332538605,..,..,..,..
Indonesia,2014,50.6159841670485,1.0833332538605,..,..,..,..
Indonesia,2015,50.2381911822342,1.0833332538605,..,..,..,..
Indonesia,2018,,,133,46.92,45.44,47.9
Italy,1990,25.8066709734453,0.95833331346512,..,..,..,..
Italy,1991,26.0715375279445,1,..,..,..,..
Italy,1992,26.3364040824436,1.4166667461395,..,..,..,..
Italy,1993,26.6012722971422,1.4791667461395,..,..,..,..
Italy,1994,26.8661388516414,1.4791667461395,..,..,..,..
Italy,1995,27.1310054061406,1.4791667461395,..,..,..,..
Italy,1996,27.3958719606397,1.4791667461395,..,..,..,..
Italy,1997,27.6607385151389,1.5625,..,..,..,..
Italy,1998,27.9256067298375,1.5625,..,..,..,..
Italy,1999,28.1904716241372,1.5625,..,..,..,..
Italy,2000,28.4553398388358,1.4791667461395,..,..,..,..
Italy,2001,28.7205467342151,1.3541666269302,..,..,..,..
Italy,2002,28.9857536295944,1.3541666269302,..,..,..,..
Italy,2003,29.2479771537363,1.4208333492279,..,..,..,..
Italy,2004,29.513157000068,1.4874999523163,..,..,..,..
Italy,2005,29.7783368463997,2.2249999046326,..,..,..,..
Italy,2006,29.9612422815241,2.7208333015442,..,..,..,..
Italy,2007,30.1441477166485,2.3375000953674,..,..,..,..
Italy,2008,30.3270564718331,2.5958333015442,..,..,..,..
Italy,2009,30.5099619069576,2.7333333492279,..,..,..,..
Italy,2010,30.692867342082,2.8416666984558,..,..,..,..
Italy,2011,30.8757727772064,2.7916665077209,..,..,..,..
Italy,2012,31.0586782123309,2.7666666507721,..,..,..,..
Italy,2013,31.2415869675155,3.2083334922791,..,..,..,..
Italy,2014,31.4244924026399,3.2083334922791,..,..,..,..
Italy,2015,31.6073978377643,3.2833333015442,..,..,..,..
Italy,2018,,,16,76.96,85.88,71.02
Japan,1990,68.4311574328031,1.125,..,..,..,..
Japan,1991,68.4108601463933,1.125,..,..,..,..
Japan,1992,68.3905628599835,1.125,..,..,..,..
Japan,1993,68.3702709304718,1.125,..,..,..,..
Japan,1994,68.349973644062,1.2291666269302,..,..,..,..
Japan,1995,68.3296763576522,1.3125,..,..,..,..
Japan,1996,68.3281196416324,1.3333333730698,..,..,..,..
Japan,1997,68.3078167866941,1.3333333730698,..,..,..,..
Japan,1998,68.2875192901235,1.3333333730698,..,..,..,..
Japan,1999,68.2672164351852,1.5208333730698,..,..,..,..
Japan,2000,68.2469135802469,1.5833333730698,..,..,..,..
Japan,2001,68.2792888374486,1.5833333730698,..,..,..,..
Japan,2002,68.3116587362826,1.5833333730698,..,..,..,..
Japan,2003,68.3440339934842,1.6499999761581,..,..,..,..
Japan,2004,68.3764038923183,1.8999999761581,..,..,..,..
Japan,2005,68.4087791495199,1.6708333492279,..,..,..,..
Japan,2006,68.4257866083676,1.6291666030884,..,..,..,..
Japan,2007,68.442799425583,1.6916666030884,..,..,..,..
Japan,2008,68.4598068844307,1.6916666030884,..,..,..,..
Japan,2009,68.4768197016461,1.7333333492279,..,..,..,..
Japan,2010,68.4844328624331,2.0250000953674,..,..,..,..
Japan,2011,68.4791057333598,2.9583332538605,..,..,..,..
Japan,2012,68.4737787504115,3.5,..,..,..,..
Japan,2013,68.4693856121077,3.0833334922791,..,..,..,..
Japan,2014,68.4649978312898,3.0833334922791,..,..,..,..
Japan,2015,68.4606100504718,3.1666665077209,..,..,..,..
Japan,2018,,,20,74.69,92.99,62.48
Korea,1990,66.0377358490566,0.5,..,..,..,..
Korea,1991,65.9527244939612,0.625,..,..,..,..
Korea,1992,65.8677182008734,0.625,..,..,..,..
Korea,1993,65.782706845778,0.6875,..,..,..,..
Korea,1994,65.6977005526902,0.6875,..,..,..,..
Korea,1995,65.6126891975949,0.6875,..,..,..,..
Korea,1996,65.5276778424995,0.75,..,..,..,..
Korea,1997,65.4426715494117,0.75,..,..,..,..
Korea,1998,65.3576601943163,0.75,..,..,..,..
Korea,1999,65.2726539012285,0.8125,..,..,..,..
Korea,2000,65.1876425461331,0.8125,..,..,..,..
Korea,2001,64.9307411861045,1.1041666269302,..,..,..,..
Korea,2002,64.8290092435944,1.1041666269302,..,..,..,..
Korea,2003,64.7541342490961,2.0208334922791,..,..,..,..
Korea,2004,64.6725893168379,2.3333334922791,..,..,..,..
Korea,2005,64.5844088797109,2.8958334922791,..,..,..,..
Korea,2006,64.4962830547456,2.9583334922791,..,..,..,..
Korea,2007,64.4015662885627,2.9583334922791,..,..,..,..
Korea,2008,64.2870419147593,3.375,..,..,..,..
Korea,2009,64.1726777009711,3.5208334922791,..,..,..,..
Korea,2010,64.0123456790124,3.5208334922791,..,..,..,..
Korea,2011,63.9407336386845,3.4375,..,..,..,..
Korea,2012,63.7837817766673,2.6291666030884,..,..,..,..
Korea,2013,63.6298364283307,2.6958332061768,..,..,..,..
Korea,2014,63.5492158232192,2.7374999523163,..,..,..,..
Korea,2015,63.4614397865463,3.0708332061768,..,..,..,..
Korea,2018,,,60,62.3,73.3,54.96
Netherlands,1990,10.2191943127962,1.6666666269302,..,..,..,..
Netherlands,1991,10.2636255924171,1.4166666269302,..,..,..,..
Netherlands,1992,10.3080568720379,1.1666666269302,..,..,..,..
Netherlands,1993,10.3524881516588,1.2291666269302,..,..,..,..
Netherlands,1994,10.3969194312796,1.2708333730698,..,..,..,..
Netherlands,1995,10.4413507109005,1.2708333730698,..,..,..,..
Netherlands,1996,10.4857819905213,1.2291666269302,..,..,..,..
Netherlands,1997,10.5302132701422,1.5208333730698,..,..,..,..
Netherlands,1998,10.574644549763,1.5625,..,..,..,..
Netherlands,1999,10.6190758293839,1.5208333730698,..,..,..,..
Netherlands,2000,10.6635071090047,1.3541666269302,..,..,..,..
Netherlands,2001,10.6931279620853,1.7374999523163,..,..,..,..
Netherlands,2002,10.7227488151659,1.7791666984558,..,..,..,..
Netherlands,2003,10.7523696682464,2.1958332061768,..,..,..,..
Netherlands,2004,10.781990521327,1.9041666984558,..,..,..,..
Netherlands,2005,10.8116113744076,2.8041667938232,..,..,..,..
Netherlands,2006,10.8590049201278,2.8041667938232,..,..,..,..
Netherlands,2007,10.9063984658481,2.6375000476837,..,..,..,..
Netherlands,2008,10.9537911076116,3.2291665077209,..,..,..,..
Netherlands,2009,11.0109692824336,3.6916666030884,..,..,..,..
Netherlands,2010,11.0584049807293,4.1333332061768,..,..,..,..
Netherlands,2011,11.0794782355728,3.5083332061768,..,..,..,..
Netherlands,2012,11.0972720108847,3.625,..,..,..,..
Netherlands,2013,11.1249625346681,..,..,..,..,..
Netherlands,2014,11.1427721548378,..,..,..,..,..
Netherlands,2015,11.1605817750074,..,..,..,..,..
Netherlands,2018,,,18,75.46,92.26,64.25
Norway,1990,33.2161528156585,0.60416668653488,..,..,..,..
Norway,1991,33.210949743996,1.1458333730698,..,..,..,..
Norway,1992,33.20574934606,1.3333333730698,..,..,..,..
Norway,1993,33.2005462743975,1.1875,..,..,..,..
Norway,1994,33.1953458764614,0.97916668653488,..,..,..,..
Norway,1995,33.1901428047989,1.0208333730698,..,..,..,..
Norway,1996,33.1849397331364,1.0208333730698,..,..,..,..
Norway,1997,33.1797393352004,1.0625,..,..,..,..
Norway,1998,33.1745362635379,1.0625,..,..,..,..
Norway,1999,33.1693358656018,1.0208333730698,..,..,..,..
Norway,2000,33.1641327939393,1.1458333730698,..,..,..,..
Norway,2001,33.1526330964982,1.1041666269302,..,..,..,..
Norway,2002,33.1411333990571,1.6666666269302,..,..,..,..
Norway,2003,33.1296363753424,1.4166666269302,..,..,..,..
Norway,2004,33.1181366779013,1.4166666269302,..,..,..,..
Norway,2005,33.1066369804602,1.8791666030884,..,..,..,..
Norway,2006,33.1121127722201,2.1291666030884,..,..,..,..
Norway,2007,33.11758856398,2.0458333492279,..,..,..,..
Norway,2008,33.1230643557399,2.3375000953674,..,..,..,..
Norway,2009,33.1285401474999,3.1916666030884,..,..,..,..
Norway,2010,33.1340159392598,3.1916666030884,..,..,..,..
Norway,2011,33.1394917310197,3.1916666030884,..,..,..,..
Norway,2012,33.1449675227796,3.2583332061768,..,..,..,..
Norway,2013,33.1614270832743,..,..,..,..,..
Norway,2014,33.1669046893336,..,..,..,..,..
Norway,2015,33.172382295393,..,..,..,..,..
Norway,2018,,,14,77.49,97.86,63.91
Poland,1990,28.9953965196382,0.64583331346512,..,..,..,..
Poland,1991,29.0535107404339,0.79166668653488,..,..,..,..
Poland,1992,29.1116249612296,0.83333331346512,..,..,..,..
Poland,1993,29.1697423703843,0.875,..,..,..,..
Poland,1994,29.2278565911799,0.875,..,..,..,..
Poland,1995,29.2859708119756,0.875,..,..,..,..
Poland,1996,29.3440850327712,0.875,..,..,..,..
Poland,1997,29.4021992535669,0.875,..,..,..,..
Poland,1998,29.4603166627216,0.91666662693024,..,..,..,..
Poland,1999,29.5184308835173,0.91666662693024,..,..,..,..
Poland,2000,29.5765451043129,0.91666662693024,..,..,..,..
Poland,2001,29.6686153492197,1.1875,..,..,..,..
Poland,2002,29.7606855941265,1.1875,..,..,..,..
Poland,2003,29.8576267286279,1.1875,..,..,..,..
Poland,2004,29.9409127564636,1.2708332538605,..,..,..,..
Poland,2005,30.0329709790096,2.1291666030884,..,..,..,..
Poland,2006,30.1181764321216,2.2625000476837,..,..,..,..
Poland,2007,30.2024014408951,2.0791666507721,..,..,..,..
Poland,2008,30.288607217189,2.2625000476837,..,..,..,..
Poland,2009,30.3748210634468,2.9583334922791,..,..,..,..
Poland,2010,30.4590570719603,2.9583334922791,..,..,..,..
Poland,2011,30.5332599526908,2.9583334922791,..,..,..,..
Poland,2012,30.6034889642251,2.5750000476837,..,..,..,..
Poland,2013,30.6737193735508,..,..,..,..,..
Poland,2014,30.7449616404438,..,..,..,..,..
Poland,2015,30.8142003331265,..,..,..,..,..
Poland,2018,,,50,64.11,58.71,67.72
Portugal,1990,37.551912568306,0.85416668653488,..,..,..,..
Portugal,1991,37.4502726904031,0.85416668653488,..,..,..,..
Portugal,1992,37.3486328125,1.0625,..,..,..,..
Portugal,1993,37.2469956028005,1.0208333730698,..,..,..,..
Portugal,1994,37.1453557248976,1.0208333730698,..,..,..,..
Portugal,1995,37.0437158469945,1.0625,..,..,..,..
Portugal,1996,36.9420759690916,1.0208333730698,..,..,..,..
Portugal,1997,36.8404360911885,1.0208333730698,..,..,..,..
Portugal,1998,36.7387988814891,1.1458332538605,..,..,..,..
Portugal,1999,36.6371590035861,1.1041667461395,..,..,..,..
Portugal,2000,36.5355191256831,1.2708332538605,..,..,..,..
Portugal,2001,36.4327879525273,1.4375,..,..,..,..
Portugal,2002,36.3300541111681,1.5625,..,..,..,..
Portugal,2003,36.2273229380123,2.125,..,..,..,..
Portugal,2004,36.124589096653,2.125,..,..,..,..
Portugal,2005,36.0336722422652,2.7125000953674,..,..,..,..
Portugal,2006,35.9090422833306,2.7125000953674,..,..,..,..
Portugal,2007,35.7844096553174,2.2125000953674,..,..,..,..
Portugal,2008,35.6597796963827,2.2625000476837,..,..,..,..
Portugal,2009,35.4885893912409,2.4749999046326,..,..,..,..
Portugal,2010,35.3641227208211,2.5416665077209,..,..,..,..
Portugal,2011,35.2396560504012,2.2666666507721,..,..,..,..
Portugal,2012,35.1151867143998,2.1333332061768,..,..,..,..
Portugal,2013,34.9849158434229,..,..,..,..,..
Portugal,2014,34.8603147857136,..,..,..,..,..
Portugal,2015,34.7358693055412,..,..,..,..,..
Portugal,2018,,,26,71.91,90.47,59.53
Russia,1990,49.3564653949524,..,..,..,..,..
Russia,1991,49.3564653949524,..,..,..,..,..
Russia,1992,49.3603473470023,..,..,..,..,..
Russia,1993,49.3736490139862,0.33333334326744,..,..,..,..
Russia,1994,49.3902090062284,0.33333334326744,..,..,..,..
Russia,1995,49.4010511112821,0.33333334326744,..,..,..,..
Russia,1996,49.4042641757582,0.33333334326744,..,..,..,..
Russia,1997,49.4041290033061,0.52083331346512,..,..,..,..
Russia,1998,49.3980789070464,0.52083331346512,..,..,..,..
Russia,1999,49.3782915591472,0.52083331346512,..,..,..,..
Russia,2000,49.4018499097143,0.52083331346512,..,..,..,..
Russia,2001,49.3987226533597,0.52083331346512,..,..,..,..
Russia,2002,49.3913734498753,0.52083331346512,..,..,..,..
Russia,2003,49.3854076496034,0.64583331346512,..,..,..,..
Russia,2004,49.378812671576,0.64583331346512,..,..,..,..
Russia,2005,49.3724891477463,0.64583331346512,..,..,..,..
Russia,2006,49.4609833224853,0.64583331346512,..,..,..,..
Russia,2007,49.5384741728712,0.64583331346512,..,..,..,..
Russia,2008,49.6186008071139,0.60416668653488,..,..,..,..
Russia,2009,49.6960957741009,0.60416668653488,..,..,..,..
Russia,2010,49.7735907410879,0.60416668653488,..,..,..,..
Russia,2011,49.7710833938353,0.60416668653488,..,..,..,..
Russia,2012,49.7685798629408,0.60416668653488,..,..,..,..
Russia,2013,49.7660763320464,0.85416668653488,..,..,..,..
Russia,2014,49.7635689847938,0.85416668653488,..,..,..,..
Russia,2015,49.7610654538993,0.91666668653488,..,..,..,..
Russia,2018,,,52,63.79,75.48,55.99
Slovak Republic,1990,39.95841995842,0.52083331346512,..,..,..,..
Slovak Republic,1991,39.95841995842,0.52083331346512,..,..,..,..
Slovak Republic,1992,39.95841995842,0.60416662693024,..,..,..,..
Slovak Republic,1993,39.9521819370453,0.66666662693024,..,..,..,..
Slovak Republic,1994,39.9501034425351,0.66666662693024,..,..,..,..
Slovak Republic,1995,39.9480249480249,0.66666662693024,..,..,..,..
Slovak Republic,1996,39.9459464535148,0.66666662693024,..,..,..,..
Slovak Republic,1997,39.9438679590048,0.66666662693024,..,..,..,..
Slovak Republic,1998,39.9417869266503,0.66666662693024,..,..,..,..
Slovak Republic,1999,39.9397084321401,0.66666662693024,..,..,..,..
Slovak Republic,2000,39.9376299376299,0.9375,..,..,..,..
Slovak Republic,2001,39.9833669682303,1.0625,..,..,..,..
Slovak Republic,2002,40.0291065366748,1.1041666269302,..,..,..,..
Slovak Republic,2003,40.0665137307408,1.1041666269302,..,..,..,..
Slovak Republic,2004,40.12058313572,1.1041666269302,..,..,..,..
Slovak Republic,2005,40.1663201663202,1.7750000953674,..,..,..,..
Slovak Republic,2006,40.195426702995,1.7750000953674,..,..,..,..
Slovak Republic,2007,40.2245332396701,1.3999999761581,..,..,..,..
Slovak Republic,2008,40.2536372385006,1.5333333015442,..,..,..,..
Slovak Republic,2009,40.2911203074639,2.3875000476837,..,..,..,..
Slovak Republic,2010,40.3193936625479,2.3041667938232,..,..,..,..
Slovak Republic,2011,40.3260694962097,3.0541667938232,..,..,..,..
Slovak Republic,2012,40.3302300612219,2.9874999523163,..,..,..,..
Slovak Republic,2013,40.3343880877567,..,..,..,..,..
Slovak Republic,2014,40.3452589190543,..,..,..,..,..
Slovak Republic,2015,40.3477376397784,..,..,..,..,..
Slovak Republic,2018,,,28,70.6,63.87,75.08
South Africa,1990,7.61773652408313,0.4375,..,..,..,..
South Africa,1991,7.61773652408313,0.4375,..,..,..,..
South Africa,1992,7.61773652408313,0.47916668653488,..,..,..,..
South Africa,1993,7.61773652408313,0.47916668653488,..,..,..,..
South Africa,1994,7.61773652408313,0.47916668653488,..,..,..,..
South Africa,1995,7.61773652408313,0.47916668653488,..,..,..,..
South Africa,1996,7.61773652408313,0.47916668653488,..,..,..,..
South Africa,1997,7.61773652408313,0.47916668653488,..,..,..,..
South Africa,1998,7.61773652408313,0.52083331346512,..,..,..,..
South Africa,1999,7.61773652408313,0.47916668653488,..,..,..,..
South Africa,2000,7.61773652408313,0.4375,..,..,..,..
South Africa,2001,7.61773652408313,0.4375,..,..,..,..
South Africa,2002,7.61773652408313,0.4375,..,..,..,..
South Africa,2003,7.61773652408313,0.4375,..,..,..,..
South Africa,2004,7.61773652408313,0.4375,..,..,..,..
South Africa,2005,7.61773652408313,0.39583334326744,..,..,..,..
South Africa,2006,7.61773652408313,0.52083331346512,..,..,..,..
South Africa,2007,7.61773652408313,0.52083331346512,..,..,..,..
South Africa,2008,7.61773652408313,0.47916665673256,..,..,..,..
South Africa,2009,7.61773652408313,1.5208333730698,..,..,..,..
South Africa,2010,7.61773652408313,1.75,..,..,..,..
South Africa,2011,7.61773652408313,1.7083333730698,..,..,..,..
South Africa,2012,7.61773652408313,0.70833331346512,..,..,..,..
South Africa,2013,7.61773652408313,0.70833331346512,..,..,..,..
South Africa,2014,7.61773652408313,0.70833331346512,..,..,..,..
South Africa,2015,7.61773652408313,0.70833331346512,..,..,..,..
South Africa,2018,,,142,44.73,36.81,50.01
Spain,1990,27.6499484109703,0.79166668653488,..,..,..,..
Spain,1991,28.2841587265237,0.95833331346512,..,..,..,..
Spain,1992,28.9183494889276,0.95833331346512,..,..,..,..
Spain,1993,29.552559804481,1.0208333730698,..,..,..,..
Spain,1994,30.18674861157,1.4375,..,..,..,..
Spain,1995,30.8209589271234,1.4375,..,..,..,..
Spain,1996,31.4551496895273,1.5625,..,..,..,..
Spain,1997,32.0893600050807,1.5625,..,..,..,..
Spain,1998,32.7235507674846,1.7291667461395,..,..,..,..
Spain,1999,33.357759127723,2.0625,..,..,..,..
Spain,2000,34.0219227517535,2.1458334922791,..,..,..,..
Spain,2001,34.1771056389413,2.1875,..,..,..,..
Spain,2002,34.2637864700224,2.1875,..,..,..,..
Spain,2003,34.3743700985056,2.1875,..,..,..,..
Spain,2004,34.4986989600445,2.75,..,..,..,..
Spain,2005,34.6272011936725,2.9625000953674,..,..,..,..
Spain,2006,35.0216629424025,2.9625000953674,..,..,..,..
Spain,2007,35.3992724236641,2.7541666030884,..,..,..,..
Spain,2008,35.8082601368284,2.7041666507721,..,..,..,..
Spain,2009,36.2053898197168,3,..,..,..,..
Spain,2010,36.4936685641287,2.7249999046326,..,..,..,..
Spain,2011,36.5714373012023,2.8499999046326,..,..,..,..
Spain,2012,36.6155628698447,2.2166666984558,..,..,..,..
Spain,2013,36.683792026099,..,..,..,..,..
Spain,2014,36.7520446100138,..,..,..,..,..
Spain,2015,36.8607287034131,..,..,..,..,..
Spain,2018,,,12,78.39,94.21,67.85
Sweden,1990,68.3896281132719,0.89583331346512,..,..,..,..
Sweden,1991,68.4139981478774,0.6875,..,..,..,..
Sweden,1992,68.4383681824828,1.6875,..,..,..,..
Sweden,1993,68.4627382170883,1.25,..,..,..,..
Sweden,1994,68.4871082516937,1.2916666269302,..,..,..,..
Sweden,1995,68.5114782862992,1.0416666269302,..,..,..,..
Sweden,1996,68.5358483209046,1.0416666269302,..,..,..,..
Sweden,1997,68.5602183555101,1.0416666269302,..,..,..,..
Sweden,1998,68.5845883901155,1.25,..,..,..,..
Sweden,1999,68.608958424721,1.2083332538605,..,..,..,..
Sweden,2000,68.6333284593264,2.1458332538605,..,..,..,..
Sweden,2001,68.6601354973924,2.0625,..,..,..,..
Sweden,2002,68.6869425354584,2.5833332538605,..,..,..,..
Sweden,2003,68.7137495735244,2.4333333969116,..,..,..,..
Sweden,2004,68.7405566115904,2.75,..,..,..,..
Sweden,2005,68.7673636496564,2.7125000953674,..,..,..,..
Sweden,2006,68.6966905493006,3.0291666984558,..,..,..,..
Sweden,2007,68.6260174489448,2.6958332061768,..,..,..,..
Sweden,2008,68.555344348589,2.9208333492279,..,..,..,..
Sweden,2009,68.4846712482332,3.3416666984558,..,..,..,..
Sweden,2010,68.4139981478774,3.0916666984558,..,..,..,..
Sweden,2011,68.4139981478774,3.2333333492279,..,..,..,..
Sweden,2012,68.9178573182108,3.0999999046326,..,..,..,..
Sweden,2013,68.9178573182108,..,..,..,..,..
Sweden,2014,68.9229333922565,..,..,..,..,..
Sweden,2015,68.9229333922565,..,..,..,..,..
Sweden,2018,,,5,80.51,94.41,71.24
Switzerland,1990,29.1178635542365,2,..,..,..,..
Switzerland,1991,29.2266456872113,2,..,..,..,..
Switzerland,1992,29.3354247320655,2,..,..,..,..
Switzerland,1993,29.4442068650401,2.0625,..,..,..,..
Switzerland,1994,29.5529859098945,2.0625,..,..,..,..
Switzerland,1995,29.661768042869,2.0625,..,..,..,..
Switzerland,1996,29.7713022235215,2.0625,..,..,..,..
Switzerland,1997,29.8808406956306,2.0625,..,..,..,..
Switzerland,1998,29.9903859516919,2.0625,..,..,..,..
Switzerland,1999,30.09993551352,2.0625,..,..,..,..
Switzerland,2000,30.2094937127178,1.9375,..,..,..,..
Switzerland,2001,30.3266442521571,1.9375,..,..,..,..
Switzerland,2002,30.4438025918986,1.9375,..,..,..,..
Switzerland,2003,30.5609680671905,1.9375,..,..,..,..
Switzerland,2004,30.6781382695865,1.6875,..,..,..,..
Switzerland,2005,30.7960925391681,2.375,..,..,..,..
Switzerland,2006,30.8879720289484,2.125,..,..,..,..
Switzerland,2007,30.9798542594928,2.125,..,..,..,..
Switzerland,2008,31.0709590668437,2.6666665077209,..,..,..,..
Switzerland,2009,31.1620607850582,3.1875,..,..,..,..
Switzerland,2010,31.2531625032729,3.3333334922791,..,..,..,..
Switzerland,2011,31.3493273158607,3.2916665077209,..,..,..,..
Switzerland,2012,31.445489039312,3.2916665077209,..,..,..,..
Switzerland,2013,31.5416538518996,..,..,..,..,..
Switzerland,2014,31.6378155753511,..,..,..,..,..
Switzerland,2015,31.7339803879387,..,..,..,..,..
Switzerland,2018,,,1,87.42,93.57,83.32
Turkey,1990,12.5021114041812,0.45833331346512,..,..,..,..
Turkey,1991,12.5750030655965,0.20833332836628,..,..,..,..
Turkey,1992,12.6478959958844,0.45833331346512,..,..,..,..
Turkey,1993,12.7207876572996,0.45833331346512,..,..,..,..
Turkey,1994,12.7936805875875,0.45833331346512,..,..,..,..
Turkey,1995,12.8665722490028,0.5,..,..,..,..
Turkey,1996,12.939463910418,0.5,..,..,..,..
Turkey,1997,13.0123568407059,0.5,..,..,..,..
Turkey,1998,13.0852485021212,0.5,..,..,..,..
Turkey,1999,13.1581414324091,0.5,..,..,..,..
Turkey,2000,13.2310330938243,0.64583331346512,..,..,..,..
Turkey,2001,13.3555082373186,0.64583331346512,..,..,..,..
Turkey,2002,13.4799833808129,0.6875,..,..,..,..
Turkey,2003,13.6044597931798,0.6875,..,..,..,..
Turkey,2004,13.7289349366741,0.875,..,..,..,..
Turkey,2005,13.8534100801684,0.83333331346512,..,..,..,..
Turkey,2006,13.9939973692716,1.5,..,..,..,..
Turkey,2007,14.1345846583748,1.5,..,..,..,..
Turkey,2008,14.2751706786053,1.5,..,..,..,..
Turkey,2009,14.4157579677085,1.5416667461395,..,..,..,..
Turkey,2010,14.5563452568117,2.0625,..,..,..,..
Turkey,2011,14.6893967109195,2.2083332538605,..,..,..,..
Turkey,2012,14.8224468961546,1.8333333730698,..,..,..,..
Turkey,2013,14.9554983502625,1.9166667461395,..,..,..,..
Turkey,2014,15.0885485354976,1.9166667461395,..,..,..,..
Turkey,2015,15.2215999896054,1.9166667461395,..,..,..,..
Turkey,2018,,,108,52.96,71.56,40.57
United Kingdom,1990,11.4826602736329,0.95833331346512,..,..,..,..
United Kingdom,1991,11.5554089929163,0.95833331346512,..,..,..,..
United Kingdom,1992,11.6281567030624,0.95833331346512,..,..,..,..
United Kingdom,1993,11.7009054223458,1.0208333730698,..,..,..,..
United Kingdom,1994,11.7736531324918,0.8125,..,..,..,..
United Kingdom,1995,11.8464018517753,0.8125,..,..,..,..
United Kingdom,1996,11.9191505710588,0.8125,..,..,..,..
United Kingdom,1997,11.9918982812048,0.8125,..,..,..,..
United Kingdom,1998,12.0646470004883,0.8125,..,..,..,..
United Kingdom,1999,12.1373947106343,0.8125,..,..,..,..
United Kingdom,2000,12.2101434299177,0.9375,..,..,..,..
United Kingdom,2001,12.265530948389,0.9375,..,..,..,..
United Kingdom,2002,12.3209194759977,1.1041666269302,..,..,..,..
United Kingdom,2003,12.376306994469,1.7333333492279,..,..,..,..
United Kingdom,2004,12.4316955220777,1.7333333492279,..,..,..,..
United Kingdom,2005,12.4870830405489,2.2291667461395,..,..,..,..
United Kingdom,2006,12.5184974895889,2.2874999046326,..,..,..,..
United Kingdom,2007,12.5499109294915,1.9541666507721,..,..,..,..
United Kingdom,2008,12.5813253785315,2.4041666984558,..,..,..,..
United Kingdom,2009,12.6127388184341,2.5750000476837,..,..,..,..
United Kingdom,2010,12.6441532674741,3.6166667938232,..,..,..,..
United Kingdom,2011,12.7144215268879,3.4666666984558,..,..,..,..
United Kingdom,2012,12.7846897863018,3.2916665077209,..,..,..,..
United Kingdom,2013,12.8549580457157,3.7666666507721,..,..,..,..
United Kingdom,2014,12.9252263051296,3.7249999046326,..,..,..,..
United Kingdom,2015,12.9954945645435,3.8333334922791,..,..,..,..
United Kingdom,2018,,,6,79.89,96.03,69.13
United States,1990,33.0223082096657,0.58333331346512,..,..,..,..
United States,1991,33.0341647687074,0.875,..,..,..,..
United States,1992,33.046021327749,0.625,..,..,..,..
United States,1993,33.0578812987501,0.75,..,..,..,..
United States,1994,33.0697378577917,1,..,..,..,..
United States,1995,33.0815944168334,1.1666666269302,..,..,..,..
United States,1996,33.093450975875,1.125,..,..,..,..
United States,1997,33.1053075349166,1.1666666269302,..,..,..,..
United States,1998,33.1171675059177,1.2083333730698,..,..,..,..
United States,1999,33.1290240649593,1.2083333730698,..,..,..,..
United States,2000,33.1301735880689,1.1666666269302,..,..,..,..
United States,2001,33.1568260255492,1.1666666269302,..,..,..,..
United States,2002,33.1834818738867,1.2999999523163,..,..,..,..
United States,2003,33.210134311367,1.2999999523163,..,..,..,..
United States,2004,33.2367901597045,1.0499999523163,..,..,..,..
United States,2005,33.2634425971849,1.0916666984558,..,..,..,..
United States,2006,33.3499521661398,2.1333332061768,..,..,..,..
United States,2007,33.4364617350948,2.3416666984558,..,..,..,..
United States,2008,33.5761135380249,2.4749999046326,..,..,..,..
United States,2009,33.6627602373128,2.9333333969116,..,..,..,..
United States,2010,33.7494069366007,2.6833333969116,..,..,..,..
United States,2011,33.7794700582241,2.4749999046326,..,..,..,..
United States,2012,33.8095331798474,3.1666667461395,..,..,..,..
United States,2013,33.8395963014708,2.6666667461395,..,..,..,..
United States,2014,33.8696594230942,2.5833332538605,..,..,..,..
United States,2015,33.8997225447175,2.6916666030884,..,..,..,..
United States,2018,,,27,71.19,93.91,56.04
